{
	"dsktpicns": {
		"title": "Desktop Icons Plugin",
		"description": "Put your icons from File Explorer to the desktop! Very utile if you want to see your files without file explorer!",
		"fetching": false,
		"restart": "required",
		"icon": "dsktpicns.png",
		"script": "dsktpicns.js"
	},
	"h4t2": {
		"title": "Windows 95 Emulator",
		"description": "Emulate Windows 95 via DOSBox. Includes Shared folders (in /winshare/ folder) And Windows 95 CD-ROM!",
		"fetching": false,
		"restart": "required",
		"icon": "https://www.pngfind.com/pngs/m/58-583664_vaporwave-clipart-windows-95-microsoft-windows-hd-png.png",
		"script": "h4t2.js"
	},
	"duckbox": {
		"title": "InvDuck DuckBox",
		"description": "A better chat like a trollbox, idk. Just DuckBox, hope you like it.",
		"fetching": false,
		"restart": "optional",
		"postAction": "run",
		"icon": "invduck.png",
		"script": "duckbox.js"
	},
	"antivyrus1": {
		"title": "Antivyrus v1",
		"description": "Antivyrus is a Antivirus program for HEXEc, eleminating viruses and malware out of the way!",
		"fetching": false,
		"restart": "required",
		"icon": "",
		"script": "antivirys.js"
	},
	"httptrack": {
		"title": "HTTPT aka HttpTrack",
		"description": "Tracks every HTTP requests!",
		"fetching": false,
		"restart": "required",
		"icon": "httptrack.png",
		"script": "httptrack.js"
	},
	"aclidenix": {
		"title": "Aclidenix",
		"description": "A media player",
		"fetching": false,
		"restart": "required",
		"icon": "",
		"script": "aclidenix-udn.js"
	},
	"udn": {
		"title":"UDN Systems Emulator",
		"description": "Emulates UDN Systems directly in HEXEc.",
		"fetching": true,
		"restart": "required",
		"icon": "",
		"script": "udn.js"
	}
}